{"cameraMode":{"drawMode":0,"name":"Shaded","section":"Shading Mode"},"sceneLighting":false,"audioPlay":false,"sceneViewState":{"showFog":true,"showMaterialUpdate":false,"showSkybox":false,"showFlares":true,"showImageEffects":true,"showParticleSystems":true},"in2DMode":false,"pivot":{"x":-0.12673774361610413,"y":1.5245027542114258,"z":1.1967302560806275},"rotation":{"x":-0.008149731904268265,"y":0.9822794198989868,"z":-0.1821056455373764,"w":-0.043935541063547137},"size":0.8454384803771973,"orthographic":false}