{"cameraMode":{"drawMode":0,"name":"Shaded","section":"Shading Mode"},"sceneLighting":true,"audioPlay":false,"sceneViewState":{"showFog":true,"showMaterialUpdate":false,"showSkybox":true,"showFlares":true,"showImageEffects":true,"showParticleSystems":true},"in2DMode":false,"pivot":{"x":9.541236877441407,"y":8.466007232666016,"z":-4.911457538604736},"rotation":{"x":0.36314716935157778,"y":0.038786858320236209,"z":-0.015129881910979748,"w":0.9308110475540161},"size":7.610986709594727,"orthographic":false}